Unit,Topic,Microtopic,MD File Name,Status,GitHub URL
Unit 1: Discrete Structures and Optimization,Mathematical Logic,Propositional Logic,mathematical_logic__propositional_logic.md,Pending,
Unit 1: Discrete Structures and Optimization,Mathematical Logic,Predicate Logic,mathematical_logic__predicate_logic.md,Pending,
Unit 1: Discrete Structures and Optimization,Mathematical Logic,Propositional Equivalences,mathematical_logic__propositional_equivalences.md,Pending,
Unit 1: Discrete Structures and Optimization,Mathematical Logic,Normal Forms,mathematical_logic__normal_forms.md,Pending,
Unit 1: Discrete Structures and Optimization,Mathematical Logic,Predicates and Quantifiers,mathematical_logic__predicates_and_quantifiers.md,Pending,
Unit 1: Discrete Structures and Optimization,Mathematical Logic,Nested Quantifiers,mathematical_logic__nested_quantifiers.md,Pending,
Unit 1: Discrete Structures and Optimization,Mathematical Logic,Rules of Inference,mathematical_logic__rules_of_inference.md,Pending,
Unit 1: Discrete Structures and Optimization,Sets and Relations,Set Operations,sets_and_relations__set_operations.md,Pending,
Unit 1: Discrete Structures and Optimization,Sets and Relations,Representation of Relations,sets_and_relations__representation_of_relations.md,Pending,
Unit 1: Discrete Structures and Optimization,Sets and Relations,Properties of Relations,sets_and_relations__properties_of_relations.md,Pending,
Unit 1: Discrete Structures and Optimization,Sets and Relations,Equivalence Relations,sets_and_relations__equivalence_relations.md,Pending,
Unit 1: Discrete Structures and Optimization,Sets and Relations,Partially Ordering,sets_and_relations__partially_ordering.md,Pending,
Unit 1: Discrete Structures and Optimization,Counting and Probability,Basics of Counting,counting_and_probability__basics_of_counting.md,Pending,
Unit 1: Discrete Structures and Optimization,Counting and Probability,Pigeonhole Principle,counting_and_probability__pigeonhole_principle.md,Pending,
Unit 1: Discrete Structures and Optimization,Counting and Probability,Permutations and Combinations,counting_and_probability__permutations_and_combinations.md,Pending,
Unit 1: Discrete Structures and Optimization,Counting and Probability,Inclusion-Exclusion Principle,counting_and_probability__inclusion-exclusion_principle.md,Pending,
Unit 1: Discrete Structures and Optimization,Counting and Probability,Mathematical Induction,counting_and_probability__mathematical_induction.md,Pending,
Unit 1: Discrete Structures and Optimization,Counting and Probability,Discrete Probability,counting_and_probability__discrete_probability.md,Pending,
Unit 1: Discrete Structures and Optimization,Counting and Probability,Bayes’ Theorem,counting_and_probability__bayes’_theorem.md,Pending,
Unit 1: Discrete Structures and Optimization,Group Theory,Groups,group_theory__groups.md,Pending,
Unit 1: Discrete Structures and Optimization,Group Theory,Subgroups,group_theory__subgroups.md,Pending,
Unit 1: Discrete Structures and Optimization,Group Theory,Semigroups,group_theory__semigroups.md,Pending,
Unit 1: Discrete Structures and Optimization,Group Theory,Product and Quotients of Structures,group_theory__product_and_quotients_of_structures.md,Pending,
Unit 1: Discrete Structures and Optimization,Group Theory,Isomorphism,group_theory__isomorphism.md,Pending,
Unit 1: Discrete Structures and Optimization,Group Theory,Homomorphism,group_theory__homomorphism.md,Pending,
Unit 1: Discrete Structures and Optimization,Group Theory,Automorphism,group_theory__automorphism.md,Pending,
Unit 1: Discrete Structures and Optimization,Group Theory,Rings,group_theory__rings.md,Pending,
Unit 1: Discrete Structures and Optimization,Group Theory,Integral Domains,group_theory__integral_domains.md,Pending,
Unit 1: Discrete Structures and Optimization,Group Theory,Fields,group_theory__fields.md,Pending,
Unit 1: Discrete Structures and Optimization,Group Theory,Applications of Group Theory,group_theory__applications_of_group_theory.md,Pending,
Unit 1: Discrete Structures and Optimization,Graph Theory,Simple Graph,graph_theory__simple_graph.md,Pending,
Unit 1: Discrete Structures and Optimization,Graph Theory,Multigraph,graph_theory__multigraph.md,Pending,
Unit 1: Discrete Structures and Optimization,Graph Theory,Weighted Graph,graph_theory__weighted_graph.md,Pending,
Unit 1: Discrete Structures and Optimization,Graph Theory,Paths and Circuits,graph_theory__paths_and_circuits.md,Pending,
Unit 1: Discrete Structures and Optimization,Graph Theory,Shortest Paths,graph_theory__shortest_paths.md,Pending,
Unit 1: Discrete Structures and Optimization,Graph Theory,Eulerian Paths and Circuits,graph_theory__eulerian_paths_and_circuits.md,Pending,
Unit 1: Discrete Structures and Optimization,Graph Theory,Hamiltonian Paths and Circuits,graph_theory__hamiltonian_paths_and_circuits.md,Pending,
Unit 1: Discrete Structures and Optimization,Graph Theory,Planar Graphs,graph_theory__planar_graphs.md,Pending,
Unit 1: Discrete Structures and Optimization,Graph Theory,Graph Coloring,graph_theory__graph_coloring.md,Pending,
Unit 1: Discrete Structures and Optimization,Graph Theory,Bipartite Graphs,graph_theory__bipartite_graphs.md,Pending,
Unit 1: Discrete Structures and Optimization,Graph Theory,Trees,graph_theory__trees.md,Pending,
Unit 1: Discrete Structures and Optimization,Graph Theory,Rooted Trees,graph_theory__rooted_trees.md,Pending,
Unit 1: Discrete Structures and Optimization,Graph Theory,Prefix Codes,graph_theory__prefix_codes.md,Pending,
Unit 1: Discrete Structures and Optimization,Graph Theory,Tree Traversals,graph_theory__tree_traversals.md,Pending,
Unit 1: Discrete Structures and Optimization,Graph Theory,Spanning Trees,graph_theory__spanning_trees.md,Pending,
Unit 1: Discrete Structures and Optimization,Graph Theory,Cut-Sets,graph_theory__cut-sets.md,Pending,
Unit 1: Discrete Structures and Optimization,Boolean Algebra,Boolean Functions,boolean_algebra__boolean_functions.md,Pending,
Unit 1: Discrete Structures and Optimization,Boolean Algebra,Representations of Boolean Functions,boolean_algebra__representations_of_boolean_functions.md,Pending,
Unit 1: Discrete Structures and Optimization,Boolean Algebra,Simplifications,boolean_algebra__simplifications.md,Pending,
Unit 1: Discrete Structures and Optimization,Optimization,Linear Programming - Model,optimization__linear_programming_-_model.md,Pending,
Unit 1: Discrete Structures and Optimization,Optimization,Graphical Solution,optimization__graphical_solution.md,Pending,
Unit 1: Discrete Structures and Optimization,Optimization,Simplex Method,optimization__simplex_method.md,Pending,
Unit 1: Discrete Structures and Optimization,Optimization,Dual Simplex Method,optimization__dual_simplex_method.md,Pending,
Unit 1: Discrete Structures and Optimization,Optimization,Sensitivity Analysis,optimization__sensitivity_analysis.md,Pending,
Unit 1: Discrete Structures and Optimization,Optimization,Integer Programming,optimization__integer_programming.md,Pending,
Unit 1: Discrete Structures and Optimization,Optimization,Transportation Models,optimization__transportation_models.md,Pending,
Unit 1: Discrete Structures and Optimization,Optimization,Assignment Models,optimization__assignment_models.md,Pending,
Unit 1: Discrete Structures and Optimization,Optimization,PERT and CPM,optimization__pert_and_cpm.md,Pending,
Unit 1: Discrete Structures and Optimization,Optimization,Critical Path Calculations,optimization__critical_path_calculations.md,Pending,
Unit 1: Discrete Structures and Optimization,Optimization,Resource Levelling,optimization__resource_levelling.md,Pending,
Unit 1: Discrete Structures and Optimization,Optimization,Cost in Scheduling,optimization__cost_in_scheduling.md,Pending,
Unit 2: Computer System Architecture,Digital Logic Circuits,Digital Computers,digital_logic_circuits__digital_computers.md,Pending,
Unit 2: Computer System Architecture,Digital Logic Circuits,Logic Gates,digital_logic_circuits__logic_gates.md,Pending,
Unit 2: Computer System Architecture,Digital Logic Circuits,Boolean Algebra,digital_logic_circuits__boolean_algebra.md,Pending,
Unit 2: Computer System Architecture,Digital Logic Circuits,Map Simplifications,digital_logic_circuits__map_simplifications.md,Pending,
Unit 2: Computer System Architecture,Digital Logic Circuits,Combinational Circuits,digital_logic_circuits__combinational_circuits.md,Pending,
Unit 2: Computer System Architecture,Digital Logic Circuits,Flip-Flops,digital_logic_circuits__flip-flops.md,Pending,
Unit 2: Computer System Architecture,Digital Logic Circuits,Sequential Circuits,digital_logic_circuits__sequential_circuits.md,Pending,
Unit 2: Computer System Architecture,Digital Logic Circuits,Integrated Circuits,digital_logic_circuits__integrated_circuits.md,Pending,
Unit 2: Computer System Architecture,Digital Logic Circuits,Decoders,digital_logic_circuits__decoders.md,Pending,
Unit 2: Computer System Architecture,Digital Logic Circuits,Multiplexers,digital_logic_circuits__multiplexers.md,Pending,
Unit 2: Computer System Architecture,Digital Logic Circuits,Registers,digital_logic_circuits__registers.md,Pending,
Unit 2: Computer System Architecture,Digital Logic Circuits,Counters,digital_logic_circuits__counters.md,Pending,
Unit 2: Computer System Architecture,Digital Logic Circuits,Memory Unit,digital_logic_circuits__memory_unit.md,Pending,
Unit 2: Computer System Architecture,Data Representation,Data Types,data_representation__data_types.md,Pending,
Unit 2: Computer System Architecture,Data Representation,Number Systems,data_representation__number_systems.md,Pending,
Unit 2: Computer System Architecture,Data Representation,Conversions,data_representation__conversions.md,Pending,
Unit 2: Computer System Architecture,Data Representation,Complements,data_representation__complements.md,Pending,
Unit 2: Computer System Architecture,Data Representation,Fixed Point Representation,data_representation__fixed_point_representation.md,Pending,
Unit 2: Computer System Architecture,Data Representation,Floating Point Representation,data_representation__floating_point_representation.md,Pending,
Unit 2: Computer System Architecture,Data Representation,Error Detection Codes,data_representation__error_detection_codes.md,Pending,
Unit 2: Computer System Architecture,Data Representation,Computer Arithmetic: Add/Sub/Mul/Div,data_representation__computer_arithmetic:_add/sub/mul/div.md,Pending,
Unit 2: Computer System Architecture,Register Transfer,Register Transfer Language,register_transfer__register_transfer_language.md,Pending,
Unit 2: Computer System Architecture,Register Transfer,Bus and Memory Transfers,register_transfer__bus_and_memory_transfers.md,Pending,
Unit 2: Computer System Architecture,Register Transfer,Arithmetic Microoperations,register_transfer__arithmetic_microoperations.md,Pending,
Unit 2: Computer System Architecture,Register Transfer,Logic Microoperations,register_transfer__logic_microoperations.md,Pending,
Unit 2: Computer System Architecture,Register Transfer,Shift Microoperations,register_transfer__shift_microoperations.md,Pending,
Unit 2: Computer System Architecture,Basic Computer Org.,Stored Program Organization,basic_computer_org.__stored_program_organization.md,Pending,
Unit 2: Computer System Architecture,Basic Computer Org.,Instruction Codes,basic_computer_org.__instruction_codes.md,Pending,
Unit 2: Computer System Architecture,Basic Computer Org.,Computer Registers,basic_computer_org.__computer_registers.md,Pending,
Unit 2: Computer System Architecture,Basic Computer Org.,Computer Instructions,basic_computer_org.__computer_instructions.md,Pending,
Unit 2: Computer System Architecture,Basic Computer Org.,Timing and Control,basic_computer_org.__timing_and_control.md,Pending,
Unit 2: Computer System Architecture,Basic Computer Org.,Instruction Cycle,basic_computer_org.__instruction_cycle.md,Pending,
Unit 2: Computer System Architecture,Basic Computer Org.,Memory-Reference Instructions,basic_computer_org.__memory-reference_instructions.md,Pending,
Unit 2: Computer System Architecture,Basic Computer Org.,Input-Output,basic_computer_org.__input-output.md,Pending,
Unit 2: Computer System Architecture,Basic Computer Org.,Interrupts,basic_computer_org.__interrupts.md,Pending,
Unit 2: Computer System Architecture,Programming the Basic Computer,Machine Language,programming_the_basic_computer__machine_language.md,Pending,
Unit 2: Computer System Architecture,Programming the Basic Computer,Assembly Language,programming_the_basic_computer__assembly_language.md,Pending,
Unit 2: Computer System Architecture,Programming the Basic Computer,Assembler,programming_the_basic_computer__assembler.md,Pending,
Unit 2: Computer System Architecture,Programming the Basic Computer,Program Loops,programming_the_basic_computer__program_loops.md,Pending,
Unit 2: Computer System Architecture,Programming the Basic Computer,Subroutines,programming_the_basic_computer__subroutines.md,Pending,
Unit 2: Computer System Architecture,Programming the Basic Computer,Input-Output Programming,programming_the_basic_computer__input-output_programming.md,Pending,
Unit 2: Computer System Architecture,Microprogrammed Control,Control Memory,microprogrammed_control__control_memory.md,Pending,
Unit 2: Computer System Architecture,Microprogrammed Control,Address Sequencing,microprogrammed_control__address_sequencing.md,Pending,
Unit 2: Computer System Architecture,Microprogrammed Control,Design of Control Unit,microprogrammed_control__design_of_control_unit.md,Pending,
Unit 2: Computer System Architecture,CPU,General Register Organization,cpu__general_register_organization.md,Pending,
Unit 2: Computer System Architecture,CPU,Stack Organization,cpu__stack_organization.md,Pending,
Unit 2: Computer System Architecture,CPU,Instruction Formats,cpu__instruction_formats.md,Pending,
Unit 2: Computer System Architecture,CPU,Addressing Modes,cpu__addressing_modes.md,Pending,
Unit 2: Computer System Architecture,CPU,RISC vs CISC,cpu__risc_vs_cisc.md,Pending,
Unit 2: Computer System Architecture,Pipelining,Parallel Processing Concepts,pipelining__parallel_processing_concepts.md,Pending,
Unit 2: Computer System Architecture,Pipelining,Pipelining Basics,pipelining__pipelining_basics.md,Pending,
Unit 2: Computer System Architecture,Pipelining,Arithmetic Pipeline,pipelining__arithmetic_pipeline.md,Pending,
Unit 2: Computer System Architecture,Pipelining,Instruction Pipeline,pipelining__instruction_pipeline.md,Pending,
Unit 2: Computer System Architecture,Pipelining,Vector Processing,pipelining__vector_processing.md,Pending,
Unit 2: Computer System Architecture,Pipelining,Array Processors,pipelining__array_processors.md,Pending,
Unit 2: Computer System Architecture,I/O Organization,Peripheral Devices,i/o_organization__peripheral_devices.md,Pending,
Unit 2: Computer System Architecture,I/O Organization,I/O Interface,i/o_organization__i/o_interface.md,Pending,
Unit 2: Computer System Architecture,I/O Organization,Asynchronous Transfer,i/o_organization__asynchronous_transfer.md,Pending,
Unit 2: Computer System Architecture,I/O Organization,Modes of Transfer,i/o_organization__modes_of_transfer.md,Pending,
Unit 2: Computer System Architecture,I/O Organization,Priority Interrupts,i/o_organization__priority_interrupts.md,Pending,
Unit 2: Computer System Architecture,I/O Organization,DMA,i/o_organization__dma.md,Pending,
Unit 2: Computer System Architecture,I/O Organization,Serial Communication,i/o_organization__serial_communication.md,Pending,
Unit 2: Computer System Architecture,Memory Hierarchy,Main Memory,memory_hierarchy__main_memory.md,Pending,
Unit 2: Computer System Architecture,Memory Hierarchy,Auxiliary Memory,memory_hierarchy__auxiliary_memory.md,Pending,
Unit 2: Computer System Architecture,Memory Hierarchy,Associative Memory,memory_hierarchy__associative_memory.md,Pending,
Unit 2: Computer System Architecture,Memory Hierarchy,Cache Memory,memory_hierarchy__cache_memory.md,Pending,
Unit 2: Computer System Architecture,Memory Hierarchy,Virtual Memory,memory_hierarchy__virtual_memory.md,Pending,
Unit 2: Computer System Architecture,Memory Hierarchy,Memory Management Hardware,memory_hierarchy__memory_management_hardware.md,Pending,
Unit 2: Computer System Architecture,Multiprocessors,Characteristics of Multiprocessors,multiprocessors__characteristics_of_multiprocessors.md,Pending,
Unit 2: Computer System Architecture,Multiprocessors,Interconnection Structures,multiprocessors__interconnection_structures.md,Pending,
Unit 2: Computer System Architecture,Multiprocessors,Interprocessor Arbitration,multiprocessors__interprocessor_arbitration.md,Pending,
Unit 2: Computer System Architecture,Multiprocessors,Communication and Synchronization,multiprocessors__communication_and_synchronization.md,Pending,
Unit 2: Computer System Architecture,Multiprocessors,Cache Coherence,multiprocessors__cache_coherence.md,Pending,
Unit 2: Computer System Architecture,Multiprocessors,Multicore Processors,multiprocessors__multicore_processors.md,Pending,
Unit 3: Programming Languages and Computer Graphics,Language Design,Programming Language Concepts,language_design__programming_language_concepts.md,Pending,
Unit 3: Programming Languages and Computer Graphics,Language Design,Programming Paradigms and Models,language_design__programming_paradigms_and_models.md,Pending,
Unit 3: Programming Languages and Computer Graphics,Language Design,Programming Environments,language_design__programming_environments.md,Pending,
Unit 3: Programming Languages and Computer Graphics,Language Design,Virtual Computers,language_design__virtual_computers.md,Pending,
Unit 3: Programming Languages and Computer Graphics,Language Design,Binding Times,language_design__binding_times.md,Pending,
Unit 3: Programming Languages and Computer Graphics,Language Design,Programming Language Syntax,language_design__programming_language_syntax.md,Pending,
Unit 3: Programming Languages and Computer Graphics,Language Design,Stages in Translation,language_design__stages_in_translation.md,Pending,
Unit 3: Programming Languages and Computer Graphics,Language Design,Formal Translation Models,language_design__formal_translation_models.md,Pending,
Unit 3: Programming Languages and Computer Graphics,Elementary Data Types,Scalar Data Types,elementary_data_types__scalar_data_types.md,Pending,
Unit 3: Programming Languages and Computer Graphics,Elementary Data Types,Composite Data Types,elementary_data_types__composite_data_types.md,Pending,
Unit 3: Programming Languages and Computer Graphics,Elementary Data Types,Properties of Types and Objects,elementary_data_types__properties_of_types_and_objects.md,Pending,
Unit 3: Programming Languages and Computer Graphics,Programming in C,Tokens and Identifiers,programming_in_c__tokens_and_identifiers.md,Pending,
Unit 3: Programming Languages and Computer Graphics,Programming in C,Data Types,programming_in_c__data_types.md,Pending,
Unit 3: Programming Languages and Computer Graphics,Programming in C,Sequence Control,programming_in_c__sequence_control.md,Pending,
Unit 3: Programming Languages and Computer Graphics,Programming in C,Subprogram Control,programming_in_c__subprogram_control.md,Pending,
Unit 3: Programming Languages and Computer Graphics,Programming in C,Arrays and Strings,programming_in_c__arrays_and_strings.md,Pending,
Unit 3: Programming Languages and Computer Graphics,Programming in C,Structures and Unions,programming_in_c__structures_and_unions.md,Pending,
Unit 3: Programming Languages and Computer Graphics,Programming in C,Pointers,programming_in_c__pointers.md,Pending,
Unit 3: Programming Languages and Computer Graphics,Programming in C,Functions,programming_in_c__functions.md,Pending,
Unit 3: Programming Languages and Computer Graphics,Programming in C,File Handling,programming_in_c__file_handling.md,Pending,
Unit 3: Programming Languages and Computer Graphics,Programming in C,Command Line Arguments,programming_in_c__command_line_arguments.md,Pending,
Unit 3: Programming Languages and Computer Graphics,Programming in C,Preprocessors,programming_in_c__preprocessors.md,Pending,
Unit 3: Programming Languages and Computer Graphics,OOP,Class and Object,oop__class_and_object.md,Pending,
Unit 3: Programming Languages and Computer Graphics,OOP,Instantiation,oop__instantiation.md,Pending,
Unit 3: Programming Languages and Computer Graphics,OOP,Inheritance,oop__inheritance.md,Pending,
Unit 3: Programming Languages and Computer Graphics,OOP,Encapsulation,oop__encapsulation.md,Pending,
Unit 3: Programming Languages and Computer Graphics,OOP,Abstract Class,oop__abstract_class.md,Pending,
Unit 3: Programming Languages and Computer Graphics,OOP,Polymorphism,oop__polymorphism.md,Pending,
Unit 3: Programming Languages and Computer Graphics,Programming in C++,Tokens and Identifiers,programming_in_c++__tokens_and_identifiers.md,Pending,
Unit 3: Programming Languages and Computer Graphics,Programming in C++,Variables and Constants,programming_in_c++__variables_and_constants.md,Pending,
Unit 3: Programming Languages and Computer Graphics,Programming in C++,Data Types,programming_in_c++__data_types.md,Pending,
Unit 3: Programming Languages and Computer Graphics,Programming in C++,Operators and Control Statements,programming_in_c++__operators_and_control_statements.md,Pending,
Unit 3: Programming Languages and Computer Graphics,Programming in C++,Functions and Parameter Passing,programming_in_c++__functions_and_parameter_passing.md,Pending,
Unit 3: Programming Languages and Computer Graphics,Programming in C++,Virtual Functions,programming_in_c++__virtual_functions.md,Pending,
Unit 3: Programming Languages and Computer Graphics,Programming in C++,Classes and Objects,programming_in_c++__classes_and_objects.md,Pending,
Unit 3: Programming Languages and Computer Graphics,Programming in C++,Constructors and Destructors,programming_in_c++__constructors_and_destructors.md,Pending,
Unit 3: Programming Languages and Computer Graphics,Programming in C++,Function Overloading,programming_in_c++__function_overloading.md,Pending,
Unit 3: Programming Languages and Computer Graphics,Programming in C++,Inheritance,programming_in_c++__inheritance.md,Pending,
Unit 3: Programming Languages and Computer Graphics,Programming in C++,Templates,programming_in_c++__templates.md,Pending,
Unit 3: Programming Languages and Computer Graphics,Programming in C++,Exception Handling,programming_in_c++__exception_handling.md,Pending,
Unit 3: Programming Languages and Computer Graphics,Programming in C++,Event Handling,programming_in_c++__event_handling.md,Pending,
Unit 3: Programming Languages and Computer Graphics,Programming in C++,Streams and Files,programming_in_c++__streams_and_files.md,Pending,
Unit 3: Programming Languages and Computer Graphics,Programming in C++,Multifile Programs,programming_in_c++__multifile_programs.md,Pending,
Unit 3: Programming Languages and Computer Graphics,Web Programming,HTML,web_programming__html.md,Pending,
Unit 3: Programming Languages and Computer Graphics,Web Programming,DHTML,web_programming__dhtml.md,Pending,
Unit 3: Programming Languages and Computer Graphics,Web Programming,XML,web_programming__xml.md,Pending,
Unit 3: Programming Languages and Computer Graphics,Web Programming,Client-side Scripting,web_programming__client-side_scripting.md,Pending,
Unit 3: Programming Languages and Computer Graphics,Web Programming,Java,web_programming__java.md,Pending,
Unit 3: Programming Languages and Computer Graphics,Web Programming,Servlets,web_programming__servlets.md,Pending,
Unit 3: Programming Languages and Computer Graphics,Web Programming,Applets,web_programming__applets.md,Pending,
Unit 3: Programming Languages and Computer Graphics,Computer Graphics,Video-Display Devices,computer_graphics__video-display_devices.md,Pending,
Unit 3: Programming Languages and Computer Graphics,Computer Graphics,Raster-Scan and Random-Scan Systems,computer_graphics__raster-scan_and_random-scan_systems.md,Pending,
Unit 3: Programming Languages and Computer Graphics,Computer Graphics,Graphics Monitors,computer_graphics__graphics_monitors.md,Pending,
Unit 3: Programming Languages and Computer Graphics,Computer Graphics,Input Devices,computer_graphics__input_devices.md,Pending,
Unit 3: Programming Languages and Computer Graphics,Computer Graphics,Points and Lines,computer_graphics__points_and_lines.md,Pending,
Unit 3: Programming Languages and Computer Graphics,Computer Graphics,Line Drawing Algorithms,computer_graphics__line_drawing_algorithms.md,Pending,
Unit 3: Programming Languages and Computer Graphics,Computer Graphics,Mid-Point Circle Algorithm,computer_graphics__mid-point_circle_algorithm.md,Pending,
Unit 3: Programming Languages and Computer Graphics,Computer Graphics,Mid-Point Ellipse Algorithm,computer_graphics__mid-point_ellipse_algorithm.md,Pending,
Unit 3: Programming Languages and Computer Graphics,Computer Graphics,Scan Line Polygon Fill,computer_graphics__scan_line_polygon_fill.md,Pending,
Unit 3: Programming Languages and Computer Graphics,Computer Graphics,Boundary-Fill and Flood-Fill Algorithms,computer_graphics__boundary-fill_and_flood-fill_algorithms.md,Pending,
Unit 3: Programming Languages and Computer Graphics,Computer Graphics,2D Transformations,computer_graphics__2d_transformations.md,Pending,
Unit 3: Programming Languages and Computer Graphics,Computer Graphics,Matrix Representations and Homogeneous Coordinates,computer_graphics__matrix_representations_and_homogeneous_coordinates.md,Pending,
Unit 3: Programming Languages and Computer Graphics,Computer Graphics,Composite Transforms,computer_graphics__composite_transforms.md,Pending,
Unit 3: Programming Languages and Computer Graphics,Computer Graphics,Coordinate System Transformations,computer_graphics__coordinate_system_transformations.md,Pending,
Unit 3: Programming Languages and Computer Graphics,Computer Graphics,Viewing Pipeline,computer_graphics__viewing_pipeline.md,Pending,
Unit 3: Programming Languages and Computer Graphics,Computer Graphics,Viewing Coordinate Frame,computer_graphics__viewing_coordinate_frame.md,Pending,
Unit 3: Programming Languages and Computer Graphics,Computer Graphics,Window to View-Port Transformation,computer_graphics__window_to_view-port_transformation.md,Pending,
Unit 3: Programming Languages and Computer Graphics,Computer Graphics,Line and Polygon Clipping Algorithms,computer_graphics__line_and_polygon_clipping_algorithms.md,Pending,
Unit 3: Programming Languages and Computer Graphics,Computer Graphics,3D Object Representations,computer_graphics__3d_object_representations.md,Pending,
Unit 3: Programming Languages and Computer Graphics,Computer Graphics,Geometric Transformations,computer_graphics__geometric_transformations.md,Pending,
Unit 3: Programming Languages and Computer Graphics,Computer Graphics,Polygon and Quadric Surfaces,computer_graphics__polygon_and_quadric_surfaces.md,Pending,
Unit 3: Programming Languages and Computer Graphics,Computer Graphics,"Spline, Bezier and B-Spline Curves","computer_graphics__spline,_bezier_and_b-spline_curves.md",Pending,
Unit 3: Programming Languages and Computer Graphics,Computer Graphics,Bezier and B-Spline Surfaces,computer_graphics__bezier_and_b-spline_surfaces.md,Pending,
Unit 3: Programming Languages and Computer Graphics,Computer Graphics,Illumination Models,computer_graphics__illumination_models.md,Pending,
Unit 3: Programming Languages and Computer Graphics,Computer Graphics,Polygon Rendering Methods,computer_graphics__polygon_rendering_methods.md,Pending,
Unit 3: Programming Languages and Computer Graphics,Computer Graphics,3D Viewing Pipeline and Coordinates,computer_graphics__3d_viewing_pipeline_and_coordinates.md,Pending,
Unit 3: Programming Languages and Computer Graphics,Computer Graphics,General Projection and Clipping,computer_graphics__general_projection_and_clipping.md,Pending,
Unit 4: Database Management Systems,DBMS Concepts,Data Models,dbms_concepts__data_models.md,Pending,
Unit 4: Database Management Systems,DBMS Concepts,Schemas and Instances,dbms_concepts__schemas_and_instances.md,Pending,
Unit 4: Database Management Systems,DBMS Concepts,Three-Schema Architecture,dbms_concepts__three-schema_architecture.md,Pending,
Unit 4: Database Management Systems,DBMS Concepts,Data Independence,dbms_concepts__data_independence.md,Pending,
Unit 4: Database Management Systems,DBMS Concepts,Database Languages,dbms_concepts__database_languages.md,Pending,
Unit 4: Database Management Systems,DBMS Concepts,DBMS Interfaces,dbms_concepts__dbms_interfaces.md,Pending,
Unit 4: Database Management Systems,DBMS Concepts,Centralized and Client/Server Architectures,dbms_concepts__centralized_and_client/server_architectures.md,Pending,
Unit 4: Database Management Systems,Data Modeling,Entity-Relationship Diagram,data_modeling__entity-relationship_diagram.md,Pending,
Unit 4: Database Management Systems,Data Modeling,Relational Model Constraints,data_modeling__relational_model_constraints.md,Pending,
Unit 4: Database Management Systems,Data Modeling,Relational Model Languages,data_modeling__relational_model_languages.md,Pending,
Unit 4: Database Management Systems,Data Modeling,Relational Design,data_modeling__relational_design.md,Pending,
Unit 4: Database Management Systems,Data Modeling,Relational Programming,data_modeling__relational_programming.md,Pending,
Unit 4: Database Management Systems,Data Modeling,Relational Database Schemas,data_modeling__relational_database_schemas.md,Pending,
Unit 4: Database Management Systems,Data Modeling,Update Operations,data_modeling__update_operations.md,Pending,
Unit 4: Database Management Systems,Data Modeling,Constraint Violations,data_modeling__constraint_violations.md,Pending,
Unit 4: Database Management Systems,Data Modeling,Relational Algebra,data_modeling__relational_algebra.md,Pending,
Unit 4: Database Management Systems,Data Modeling,Relational Calculus,data_modeling__relational_calculus.md,Pending,
Unit 4: Database Management Systems,Data Modeling,Codd Rules,data_modeling__codd_rules.md,Pending,
Unit 4: Database Management Systems,SQL,Data Definition,sql__data_definition.md,Pending,
Unit 4: Database Management Systems,SQL,Data Types,sql__data_types.md,Pending,
Unit 4: Database Management Systems,SQL,SQL Constraints,sql__sql_constraints.md,Pending,
Unit 4: Database Management Systems,SQL,SQL Queries,sql__sql_queries.md,Pending,
Unit 4: Database Management Systems,SQL,Insert/Delete/Update Statements,sql__insert/delete/update_statements.md,Pending,
Unit 4: Database Management Systems,SQL,Views,sql__views.md,Pending,
Unit 4: Database Management Systems,SQL,Stored Procedures and Functions,sql__stored_procedures_and_functions.md,Pending,
Unit 4: Database Management Systems,SQL,Database Triggers,sql__database_triggers.md,Pending,
Unit 4: Database Management Systems,SQL,SQL Injection,sql__sql_injection.md,Pending,
Unit 4: Database Management Systems,Normalization,Functional Dependencies,normalization__functional_dependencies.md,Pending,
Unit 4: Database Management Systems,Normalization,Normalization Forms,normalization__normalization_forms.md,Pending,
Unit 4: Database Management Systems,Normalization,Query Processing Algorithms,normalization__query_processing_algorithms.md,Pending,
Unit 4: Database Management Systems,Normalization,Query Optimization,normalization__query_optimization.md,Pending,
Unit 4: Database Management Systems,Normalization,Transaction Processing,normalization__transaction_processing.md,Pending,
Unit 4: Database Management Systems,Normalization,Concurrency Control,normalization__concurrency_control.md,Pending,
Unit 4: Database Management Systems,Normalization,Database Recovery,normalization__database_recovery.md,Pending,
Unit 4: Database Management Systems,Normalization,Object Databases,normalization__object_databases.md,Pending,
Unit 4: Database Management Systems,Normalization,Object-Relational Databases,normalization__object-relational_databases.md,Pending,
Unit 4: Database Management Systems,Normalization,Database Security,normalization__database_security.md,Pending,
Unit 4: Database Management Systems,Normalization,Authorization,normalization__authorization.md,Pending,
Unit 4: Database Management Systems,Enhanced Data Models,Temporal Databases,enhanced_data_models__temporal_databases.md,Pending,
Unit 4: Database Management Systems,Enhanced Data Models,Multimedia Databases,enhanced_data_models__multimedia_databases.md,Pending,
Unit 4: Database Management Systems,Enhanced Data Models,Deductive Databases,enhanced_data_models__deductive_databases.md,Pending,
Unit 4: Database Management Systems,Enhanced Data Models,XML and Internet Databases,enhanced_data_models__xml_and_internet_databases.md,Pending,
Unit 4: Database Management Systems,Enhanced Data Models,Mobile Databases,enhanced_data_models__mobile_databases.md,Pending,
Unit 4: Database Management Systems,Enhanced Data Models,Geographic Information Systems (GIS),enhanced_data_models__geographic_information_systems_(gis).md,Pending,
Unit 4: Database Management Systems,Enhanced Data Models,Genome Data Management,enhanced_data_models__genome_data_management.md,Pending,
Unit 4: Database Management Systems,Enhanced Data Models,Distributed Databases,enhanced_data_models__distributed_databases.md,Pending,
Unit 4: Database Management Systems,Enhanced Data Models,Client-Server Architectures,enhanced_data_models__client-server_architectures.md,Pending,
Unit 4: Database Management Systems,Data Warehousing,Data Modeling for Warehouses,data_warehousing__data_modeling_for_warehouses.md,Pending,
Unit 4: Database Management Systems,Data Warehousing,Concept Hierarchy,data_warehousing__concept_hierarchy.md,Pending,
Unit 4: Database Management Systems,Data Warehousing,OLAP vs OLTP,data_warehousing__olap_vs_oltp.md,Pending,
Unit 4: Database Management Systems,Data Mining,Association Rules,data_mining__association_rules.md,Pending,
Unit 4: Database Management Systems,Data Mining,Classification,data_mining__classification.md,Pending,
Unit 4: Database Management Systems,Data Mining,Clustering,data_mining__clustering.md,Pending,
Unit 4: Database Management Systems,Data Mining,Regression,data_mining__regression.md,Pending,
Unit 4: Database Management Systems,Data Mining,Support Vector Machine (SVM),data_mining__support_vector_machine_(svm).md,Pending,
Unit 4: Database Management Systems,Data Mining,K-Nearest Neighbour (KNN),data_mining__k-nearest_neighbour_(knn).md,Pending,
Unit 4: Database Management Systems,Data Mining,Hidden Markov Model (HMM),data_mining__hidden_markov_model_(hmm).md,Pending,
Unit 4: Database Management Systems,Data Mining,Summarization,data_mining__summarization.md,Pending,
Unit 4: Database Management Systems,Data Mining,Dependency Modeling,data_mining__dependency_modeling.md,Pending,
Unit 4: Database Management Systems,Data Mining,Link Analysis,data_mining__link_analysis.md,Pending,
Unit 4: Database Management Systems,Data Mining,Sequencing Analysis,data_mining__sequencing_analysis.md,Pending,
Unit 4: Database Management Systems,Data Mining,Social Network Analysis,data_mining__social_network_analysis.md,Pending,
Unit 4: Database Management Systems,Big Data,Characteristics of Big Data,big_data__characteristics_of_big_data.md,Pending,
Unit 4: Database Management Systems,Big Data,Types of Big Data,big_data__types_of_big_data.md,Pending,
Unit 4: Database Management Systems,Big Data,Big Data Architecture,big_data__big_data_architecture.md,Pending,
Unit 4: Database Management Systems,Big Data,MapReduce,big_data__mapreduce.md,Pending,
Unit 4: Database Management Systems,Big Data,Hadoop,big_data__hadoop.md,Pending,
Unit 4: Database Management Systems,Big Data,Distributed File System,big_data__distributed_file_system.md,Pending,
Unit 4: Database Management Systems,Big Data,HDFS,big_data__hdfs.md,Pending,
Unit 4: Database Management Systems,NoSQL,NOSQL Concepts,nosql__nosql_concepts.md,Pending,
Unit 4: Database Management Systems,NoSQL,Query Optimization in NoSQL,nosql__query_optimization_in_nosql.md,Pending,
Unit 4: Database Management Systems,NoSQL,NoSQL Products,nosql__nosql_products.md,Pending,
Unit 4: Database Management Systems,NoSQL,Querying and Managing NoSQL,nosql__querying_and_managing_nosql.md,Pending,
Unit 4: Database Management Systems,NoSQL,Indexing and Ordering,nosql__indexing_and_ordering.md,Pending,
Unit 4: Database Management Systems,NoSQL,NoSQL in Cloud,nosql__nosql_in_cloud.md,Pending,
Unit 5: System Software and Operating System,System Software,Machine Languages,system_software__machine_languages.md,Pending,
Unit 5: System Software and Operating System,System Software,Assembly Languages,system_software__assembly_languages.md,Pending,
Unit 5: System Software and Operating System,System Software,High-Level Languages,system_software__high-level_languages.md,Pending,
Unit 5: System Software and Operating System,System Software,Compilers and Interpreters,system_software__compilers_and_interpreters.md,Pending,
Unit 5: System Software and Operating System,System Software,"Loading, Linking, and Relocation","system_software__loading,_linking,_and_relocation.md",Pending,
Unit 5: System Software and Operating System,System Software,Macros,system_software__macros.md,Pending,
Unit 5: System Software and Operating System,System Software,Debuggers,system_software__debuggers.md,Pending,
Unit 5: System Software and Operating System,OS Basics,Operating System Structure,os_basics__operating_system_structure.md,Pending,
Unit 5: System Software and Operating System,OS Basics,Operating System Operations,os_basics__operating_system_operations.md,Pending,
Unit 5: System Software and Operating System,OS Basics,Operating System Services,os_basics__operating_system_services.md,Pending,
Unit 5: System Software and Operating System,OS Basics,System Calls,os_basics__system_calls.md,Pending,
Unit 5: System Software and Operating System,OS Basics,OS Design and Implementation,os_basics__os_design_and_implementation.md,Pending,
Unit 5: System Software and Operating System,OS Basics,System Boot,os_basics__system_boot.md,Pending,
Unit 5: System Software and Operating System,Process Management,Process Scheduling,process_management__process_scheduling.md,Pending,
Unit 5: System Software and Operating System,Process Management,Process Operations,process_management__process_operations.md,Pending,
Unit 5: System Software and Operating System,Process Management,Interprocess Communication,process_management__interprocess_communication.md,Pending,
Unit 5: System Software and Operating System,Process Management,Client–Server Communication,process_management__client–server_communication.md,Pending,
Unit 5: System Software and Operating System,Process Management,Process Synchronization,process_management__process_synchronization.md,Pending,
Unit 5: System Software and Operating System,Process Management,Critical-Section Problem,process_management__critical-section_problem.md,Pending,
Unit 5: System Software and Operating System,Process Management,Peterson’s Solution,process_management__peterson’s_solution.md,Pending,
Unit 5: System Software and Operating System,Process Management,Semaphores,process_management__semaphores.md,Pending,
Unit 5: System Software and Operating System,Threads,Multicore Programming,threads__multicore_programming.md,Pending,
Unit 5: System Software and Operating System,Threads,Multithreading Models,threads__multithreading_models.md,Pending,
Unit 5: System Software and Operating System,Threads,Thread Libraries,threads__thread_libraries.md,Pending,
Unit 5: System Software and Operating System,Threads,Implicit Threading,threads__implicit_threading.md,Pending,
Unit 5: System Software and Operating System,Threads,Threading Issues,threads__threading_issues.md,Pending,
Unit 5: System Software and Operating System,CPU Scheduling,Scheduling Criteria,cpu_scheduling__scheduling_criteria.md,Pending,
Unit 5: System Software and Operating System,CPU Scheduling,Scheduling Algorithms,cpu_scheduling__scheduling_algorithms.md,Pending,
Unit 5: System Software and Operating System,CPU Scheduling,Thread Scheduling,cpu_scheduling__thread_scheduling.md,Pending,
Unit 5: System Software and Operating System,CPU Scheduling,Multiprocessor Scheduling,cpu_scheduling__multiprocessor_scheduling.md,Pending,
Unit 5: System Software and Operating System,CPU Scheduling,Real-Time CPU Scheduling,cpu_scheduling__real-time_cpu_scheduling.md,Pending,
Unit 5: System Software and Operating System,Deadlocks,Deadlock Characterization,deadlocks__deadlock_characterization.md,Pending,
Unit 5: System Software and Operating System,Deadlocks,Deadlock Handling Methods,deadlocks__deadlock_handling_methods.md,Pending,
Unit 5: System Software and Operating System,Deadlocks,Deadlock Prevention,deadlocks__deadlock_prevention.md,Pending,
Unit 5: System Software and Operating System,Deadlocks,Deadlock Avoidance,deadlocks__deadlock_avoidance.md,Pending,
Unit 5: System Software and Operating System,Deadlocks,Deadlock Detection,deadlocks__deadlock_detection.md,Pending,
Unit 5: System Software and Operating System,Deadlocks,Deadlock Recovery,deadlocks__deadlock_recovery.md,Pending,
Unit 5: System Software and Operating System,Memory Management,Contiguous Memory Allocation,memory_management__contiguous_memory_allocation.md,Pending,
Unit 5: System Software and Operating System,Memory Management,Swapping,memory_management__swapping.md,Pending,
Unit 5: System Software and Operating System,Memory Management,Paging,memory_management__paging.md,Pending,
Unit 5: System Software and Operating System,Memory Management,Segmentation,memory_management__segmentation.md,Pending,
Unit 5: System Software and Operating System,Memory Management,Demand Paging,memory_management__demand_paging.md,Pending,
Unit 5: System Software and Operating System,Memory Management,Page Replacement,memory_management__page_replacement.md,Pending,
Unit 5: System Software and Operating System,Memory Management,Frame Allocation,memory_management__frame_allocation.md,Pending,
Unit 5: System Software and Operating System,Memory Management,Thrashing,memory_management__thrashing.md,Pending,
Unit 5: System Software and Operating System,Memory Management,Memory-Mapped Files,memory_management__memory-mapped_files.md,Pending,
Unit 5: System Software and Operating System,Storage,Mass-Storage Structure,storage__mass-storage_structure.md,Pending,
Unit 5: System Software and Operating System,Storage,Disk Structure,storage__disk_structure.md,Pending,
Unit 5: System Software and Operating System,Storage,Disk Scheduling,storage__disk_scheduling.md,Pending,
Unit 5: System Software and Operating System,Storage,Disk Management,storage__disk_management.md,Pending,
Unit 5: System Software and Operating System,Storage,RAID Structure,storage__raid_structure.md,Pending,
Unit 5: System Software and Operating System,File & I/O,Access Methods,file_&_i/o__access_methods.md,Pending,
Unit 5: System Software and Operating System,File & I/O,Directory Structure,file_&_i/o__directory_structure.md,Pending,
Unit 5: System Software and Operating System,File & I/O,Disk Structure,file_&_i/o__disk_structure.md,Pending,
Unit 5: System Software and Operating System,File & I/O,File-System Mounting,file_&_i/o__file-system_mounting.md,Pending,
Unit 5: System Software and Operating System,File & I/O,File Sharing,file_&_i/o__file_sharing.md,Pending,
Unit 5: System Software and Operating System,File & I/O,File-System Implementation,file_&_i/o__file-system_implementation.md,Pending,
Unit 5: System Software and Operating System,File & I/O,Directory Implementation,file_&_i/o__directory_implementation.md,Pending,
Unit 5: System Software and Operating System,File & I/O,Allocation Methods,file_&_i/o__allocation_methods.md,Pending,
Unit 5: System Software and Operating System,File & I/O,Free-Space Management,file_&_i/o__free-space_management.md,Pending,
Unit 5: System Software and Operating System,File & I/O,I/O Efficiency,file_&_i/o__i/o_efficiency.md,Pending,
Unit 5: System Software and Operating System,File & I/O,I/O Performance,file_&_i/o__i/o_performance.md,Pending,
Unit 5: System Software and Operating System,File & I/O,File Recovery,file_&_i/o__file_recovery.md,Pending,
Unit 5: System Software and Operating System,File & I/O,I/O Hardware,file_&_i/o__i/o_hardware.md,Pending,
Unit 5: System Software and Operating System,File & I/O,Kernel I/O Subsystem,file_&_i/o__kernel_i/o_subsystem.md,Pending,
Unit 5: System Software and Operating System,File & I/O,I/O Request Transformation,file_&_i/o__i/o_request_transformation.md,Pending,
Unit 5: System Software and Operating System,Security,Protection Mechanisms,security__protection_mechanisms.md,Pending,
Unit 5: System Software and Operating System,Security,Access Matrix,security__access_matrix.md,Pending,
Unit 5: System Software and Operating System,Security,Access Control,security__access_control.md,Pending,
Unit 5: System Software and Operating System,Security,Revocation of Rights,security__revocation_of_rights.md,Pending,
Unit 5: System Software and Operating System,Security,Program Threats,security__program_threats.md,Pending,
Unit 5: System Software and Operating System,Security,System and Network Threats,security__system_and_network_threats.md,Pending,
Unit 5: System Software and Operating System,Security,Cryptography,security__cryptography.md,Pending,
Unit 5: System Software and Operating System,Security,User Authentication,security__user_authentication.md,Pending,
Unit 5: System Software and Operating System,Security,Security Defenses,security__security_defenses.md,Pending,
Unit 5: System Software and Operating System,Virtual Machines,Types of Virtual Machines,virtual_machines__types_of_virtual_machines.md,Pending,
Unit 5: System Software and Operating System,Virtual Machines,Virtual Machine Implementations,virtual_machines__virtual_machine_implementations.md,Pending,
Unit 5: System Software and Operating System,Virtual Machines,Virtualization Concepts,virtual_machines__virtualization_concepts.md,Pending,
Unit 5: System Software and Operating System,Linux OS,Linux Design Principles,linux_os__linux_design_principles.md,Pending,
Unit 5: System Software and Operating System,Linux OS,Kernel Modules,linux_os__kernel_modules.md,Pending,
Unit 5: System Software and Operating System,Linux OS,Linux Process Management,linux_os__linux_process_management.md,Pending,
Unit 5: System Software and Operating System,Linux OS,Linux Scheduling,linux_os__linux_scheduling.md,Pending,
Unit 5: System Software and Operating System,Linux OS,Linux Memory Management,linux_os__linux_memory_management.md,Pending,
Unit 5: System Software and Operating System,Linux OS,Linux File Systems,linux_os__linux_file_systems.md,Pending,
Unit 5: System Software and Operating System,Linux OS,Linux Input/Output,linux_os__linux_input/output.md,Pending,
Unit 5: System Software and Operating System,Linux OS,Linux Interprocess Communication,linux_os__linux_interprocess_communication.md,Pending,
Unit 5: System Software and Operating System,Linux OS,Linux Network Structure,linux_os__linux_network_structure.md,Pending,
Unit 5: System Software and Operating System,Windows OS,Windows Design Principles,windows_os__windows_design_principles.md,Pending,
Unit 5: System Software and Operating System,Windows OS,Windows System Components,windows_os__windows_system_components.md,Pending,
Unit 5: System Software and Operating System,Windows OS,Terminal Services,windows_os__terminal_services.md,Pending,
Unit 5: System Software and Operating System,Windows OS,Fast User Switching,windows_os__fast_user_switching.md,Pending,
Unit 5: System Software and Operating System,Windows OS,Windows File System,windows_os__windows_file_system.md,Pending,
Unit 5: System Software and Operating System,Windows OS,Windows Networking,windows_os__windows_networking.md,Pending,
Unit 5: System Software and Operating System,Distributed Systems,Network-based OS Types,distributed_systems__network-based_os_types.md,Pending,
Unit 5: System Software and Operating System,Distributed Systems,Network Structure,distributed_systems__network_structure.md,Pending,
Unit 5: System Software and Operating System,Distributed Systems,Communication Protocols,distributed_systems__communication_protocols.md,Pending,
Unit 5: System Software and Operating System,Distributed Systems,Robustness,distributed_systems__robustness.md,Pending,
Unit 5: System Software and Operating System,Distributed Systems,Design Issues,distributed_systems__design_issues.md,Pending,
Unit 5: System Software and Operating System,Distributed Systems,Distributed File Systems,distributed_systems__distributed_file_systems.md,Pending,
Unit 6: Software Engineering,Software Process Models,Software Process Basics,software_process_models__software_process_basics.md,Pending,
Unit 6: Software Engineering,Software Process Models,Generic Process Model,software_process_models__generic_process_model.md,Pending,
Unit 6: Software Engineering,Software Process Models,Framework Activities,software_process_models__framework_activities.md,Pending,
Unit 6: Software Engineering,Software Process Models,Task Sets,software_process_models__task_sets.md,Pending,
Unit 6: Software Engineering,Software Process Models,Process Patterns,software_process_models__process_patterns.md,Pending,
Unit 6: Software Engineering,Software Process Models,Process Lifecycle,software_process_models__process_lifecycle.md,Pending,
Unit 6: Software Engineering,Software Process Models,Prescriptive Models,software_process_models__prescriptive_models.md,Pending,
Unit 6: Software Engineering,Software Process Models,Project Management,software_process_models__project_management.md,Pending,
Unit 6: Software Engineering,Software Process Models,Component-Based Development,software_process_models__component-based_development.md,Pending,
Unit 6: Software Engineering,Software Process Models,Aspect-Oriented Development,software_process_models__aspect-oriented_development.md,Pending,
Unit 6: Software Engineering,Software Process Models,Formal Methods,software_process_models__formal_methods.md,Pending,
Unit 6: Software Engineering,Software Process Models,Agile Models,software_process_models__agile_models.md,Pending,
Unit 6: Software Engineering,Software Process Models,Extreme Programming,software_process_models__extreme_programming.md,Pending,
Unit 6: Software Engineering,Software Process Models,Adaptive Software Development,software_process_models__adaptive_software_development.md,Pending,
Unit 6: Software Engineering,Software Process Models,Scrum,software_process_models__scrum.md,Pending,
Unit 6: Software Engineering,Software Process Models,Dynamic System Development Model,software_process_models__dynamic_system_development_model.md,Pending,
Unit 6: Software Engineering,Software Process Models,Feature Driven Development,software_process_models__feature_driven_development.md,Pending,
Unit 6: Software Engineering,Software Process Models,Crystal Methodology,software_process_models__crystal_methodology.md,Pending,
Unit 6: Software Engineering,Software Process Models,Web Engineering,software_process_models__web_engineering.md,Pending,
Unit 6: Software Engineering,Software Requirements,Functional Requirements,software_requirements__functional_requirements.md,Pending,
Unit 6: Software Engineering,Software Requirements,Non-Functional Requirements,software_requirements__non-functional_requirements.md,Pending,
Unit 6: Software Engineering,Software Requirements,Eliciting Requirements,software_requirements__eliciting_requirements.md,Pending,
Unit 6: Software Engineering,Software Requirements,Use Cases,software_requirements__use_cases.md,Pending,
Unit 6: Software Engineering,Software Requirements,Requirement Analysis,software_requirements__requirement_analysis.md,Pending,
Unit 6: Software Engineering,Software Requirements,Requirement Modelling,software_requirements__requirement_modelling.md,Pending,
Unit 6: Software Engineering,Software Requirements,Requirements Review,software_requirements__requirements_review.md,Pending,
Unit 6: Software Engineering,Software Requirements,SRS Document,software_requirements__srs_document.md,Pending,
Unit 6: Software Engineering,Software Design,Design Abstraction,software_design__design_abstraction.md,Pending,
Unit 6: Software Engineering,Software Design,Software Architecture,software_design__software_architecture.md,Pending,
Unit 6: Software Engineering,Software Design,Design Patterns,software_design__design_patterns.md,Pending,
Unit 6: Software Engineering,Software Design,Separation of Concerns,software_design__separation_of_concerns.md,Pending,
Unit 6: Software Engineering,Software Design,Modularity,software_design__modularity.md,Pending,
Unit 6: Software Engineering,Software Design,Information Hiding,software_design__information_hiding.md,Pending,
Unit 6: Software Engineering,Software Design,Functional Independence,software_design__functional_independence.md,Pending,
Unit 6: Software Engineering,Software Design,Cohesion,software_design__cohesion.md,Pending,
Unit 6: Software Engineering,Software Design,Coupling,software_design__coupling.md,Pending,
Unit 6: Software Engineering,Software Design,Object-Oriented Design,software_design__object-oriented_design.md,Pending,
Unit 6: Software Engineering,Software Design,Data Design,software_design__data_design.md,Pending,
Unit 6: Software Engineering,Software Design,Architectural Design,software_design__architectural_design.md,Pending,
Unit 6: Software Engineering,Software Design,User Interface Design,software_design__user_interface_design.md,Pending,
Unit 6: Software Engineering,Software Design,Component Level Design,software_design__component_level_design.md,Pending,
Unit 6: Software Engineering,Software Quality,McCall’s Quality Factors,software_quality__mccall’s_quality_factors.md,Pending,
Unit 6: Software Engineering,Software Quality,ISO 9126 Quality Factors,software_quality__iso_9126_quality_factors.md,Pending,
Unit 6: Software Engineering,Software Quality,Quality Control,software_quality__quality_control.md,Pending,
Unit 6: Software Engineering,Software Quality,Quality Assurance,software_quality__quality_assurance.md,Pending,
Unit 6: Software Engineering,Software Quality,Risk Management,software_quality__risk_management.md,Pending,
Unit 6: Software Engineering,Software Quality,Risk Mitigation,software_quality__risk_mitigation.md,Pending,
Unit 6: Software Engineering,Software Quality,Risk Monitoring and Management,software_quality__risk_monitoring_and_management.md,Pending,
Unit 6: Software Engineering,Software Quality,Software Reliability,software_quality__software_reliability.md,Pending,
Unit 6: Software Engineering,Estimation and Scheduling,Software Sizing,estimation_and_scheduling__software_sizing.md,Pending,
Unit 6: Software Engineering,Estimation and Scheduling,LOC Based Estimation,estimation_and_scheduling__loc_based_estimation.md,Pending,
Unit 6: Software Engineering,Estimation and Scheduling,Function Point Estimation,estimation_and_scheduling__function_point_estimation.md,Pending,
Unit 6: Software Engineering,Estimation and Scheduling,Cost and Effort Estimation,estimation_and_scheduling__cost_and_effort_estimation.md,Pending,
Unit 6: Software Engineering,Estimation and Scheduling,Estimation Models,estimation_and_scheduling__estimation_models.md,Pending,
Unit 6: Software Engineering,Estimation and Scheduling,COCOMO Model,estimation_and_scheduling__cocomo_model.md,Pending,
Unit 6: Software Engineering,Estimation and Scheduling,Project Scheduling,estimation_and_scheduling__project_scheduling.md,Pending,
Unit 6: Software Engineering,Estimation and Scheduling,Staffing,estimation_and_scheduling__staffing.md,Pending,
Unit 6: Software Engineering,Estimation and Scheduling,Time-line Charts,estimation_and_scheduling__time-line_charts.md,Pending,
Unit 6: Software Engineering,Software Testing,Verification vs Validation,software_testing__verification_vs_validation.md,Pending,
Unit 6: Software Engineering,Software Testing,"Error, Fault, Bug, and Failure","software_testing__error,_fault,_bug,_and_failure.md",Pending,
Unit 6: Software Engineering,Software Testing,Unit Testing,software_testing__unit_testing.md,Pending,
Unit 6: Software Engineering,Software Testing,Integration Testing,software_testing__integration_testing.md,Pending,
Unit 6: Software Engineering,Software Testing,White-box Testing,software_testing__white-box_testing.md,Pending,
Unit 6: Software Engineering,Software Testing,Black-box Testing,software_testing__black-box_testing.md,Pending,
Unit 6: Software Engineering,Software Testing,Basis Path Testing,software_testing__basis_path_testing.md,Pending,
Unit 6: Software Engineering,Software Testing,Control Structure Testing,software_testing__control_structure_testing.md,Pending,
Unit 6: Software Engineering,Software Testing,Test Case Derivation,software_testing__test_case_derivation.md,Pending,
Unit 6: Software Engineering,Software Testing,Alpha Testing,software_testing__alpha_testing.md,Pending,
Unit 6: Software Engineering,Software Testing,Beta Testing,software_testing__beta_testing.md,Pending,
Unit 6: Software Engineering,Software Testing,Regression Testing,software_testing__regression_testing.md,Pending,
Unit 6: Software Engineering,Software Testing,Performance Testing,software_testing__performance_testing.md,Pending,
Unit 6: Software Engineering,Software Testing,Stress Testing,software_testing__stress_testing.md,Pending,
Unit 6: Software Engineering,Software Configuration Management,Change Control,software_configuration_management__change_control.md,Pending,
Unit 6: Software Engineering,Software Configuration Management,Version Control,software_configuration_management__version_control.md,Pending,
Unit 6: Software Engineering,Software Configuration Management,Software Reuse,software_configuration_management__software_reuse.md,Pending,
Unit 6: Software Engineering,Software Configuration Management,Software Re-engineering,software_configuration_management__software_re-engineering.md,Pending,
Unit 6: Software Engineering,Software Configuration Management,Reverse Engineering,software_configuration_management__reverse_engineering.md,Pending,
Unit 7: Data Structures and Algorithms,Data Structures,Arrays and Applications,data_structures__arrays_and_applications.md,Pending,
Unit 7: Data Structures and Algorithms,Data Structures,Sparse Matrix,data_structures__sparse_matrix.md,Pending,
Unit 7: Data Structures and Algorithms,Data Structures,Stacks,data_structures__stacks.md,Pending,
Unit 7: Data Structures and Algorithms,Data Structures,Queues,data_structures__queues.md,Pending,
Unit 7: Data Structures and Algorithms,Data Structures,Priority Queues,data_structures__priority_queues.md,Pending,
Unit 7: Data Structures and Algorithms,Data Structures,Linked Lists,data_structures__linked_lists.md,Pending,
Unit 7: Data Structures and Algorithms,Data Structures,Trees and Forests,data_structures__trees_and_forests.md,Pending,
Unit 7: Data Structures and Algorithms,Data Structures,Binary Tree,data_structures__binary_tree.md,Pending,
Unit 7: Data Structures and Algorithms,Data Structures,Threaded Binary Tree,data_structures__threaded_binary_tree.md,Pending,
Unit 7: Data Structures and Algorithms,Data Structures,Binary Search Tree,data_structures__binary_search_tree.md,Pending,
Unit 7: Data Structures and Algorithms,Data Structures,AVL Tree,data_structures__avl_tree.md,Pending,
Unit 7: Data Structures and Algorithms,Data Structures,B Tree,data_structures__b_tree.md,Pending,
Unit 7: Data Structures and Algorithms,Data Structures,B+ Tree,data_structures__b+_tree.md,Pending,
Unit 7: Data Structures and Algorithms,Data Structures,B* Tree,data_structures__b*_tree.md,Pending,
Unit 7: Data Structures and Algorithms,Data Structures,Set Representation Structures,data_structures__set_representation_structures.md,Pending,
Unit 7: Data Structures and Algorithms,Data Structures,Graphs,data_structures__graphs.md,Pending,
Unit 7: Data Structures and Algorithms,Data Structures,Sorting Algorithms,data_structures__sorting_algorithms.md,Pending,
Unit 7: Data Structures and Algorithms,Data Structures,Searching Algorithms,data_structures__searching_algorithms.md,Pending,
Unit 7: Data Structures and Algorithms,Data Structures,Hashing,data_structures__hashing.md,Pending,
Unit 7: Data Structures and Algorithms,Performance Analysis,Time Complexity,performance_analysis__time_complexity.md,Pending,
Unit 7: Data Structures and Algorithms,Performance Analysis,Space Complexity,performance_analysis__space_complexity.md,Pending,
Unit 7: Data Structures and Algorithms,Performance Analysis,Asymptotic Notation,performance_analysis__asymptotic_notation.md,Pending,
Unit 7: Data Structures and Algorithms,Performance Analysis,Recurrence Relations,performance_analysis__recurrence_relations.md,Pending,
Unit 7: Data Structures and Algorithms,Design Techniques,Divide and Conquer,design_techniques__divide_and_conquer.md,Pending,
Unit 7: Data Structures and Algorithms,Design Techniques,Dynamic Programming,design_techniques__dynamic_programming.md,Pending,
Unit 7: Data Structures and Algorithms,Design Techniques,Greedy Algorithms,design_techniques__greedy_algorithms.md,Pending,
Unit 7: Data Structures and Algorithms,Design Techniques,Backtracking,design_techniques__backtracking.md,Pending,
Unit 7: Data Structures and Algorithms,Design Techniques,Branch and Bound,design_techniques__branch_and_bound.md,Pending,
Unit 7: Data Structures and Algorithms,Lower Bound Theory,Comparison Trees,lower_bound_theory__comparison_trees.md,Pending,
Unit 7: Data Structures and Algorithms,Lower Bound Theory,Lower Bounds via Reductions,lower_bound_theory__lower_bounds_via_reductions.md,Pending,
Unit 7: Data Structures and Algorithms,Graph Algorithms,Breadth-First Search,graph_algorithms__breadth-first_search.md,Pending,
Unit 7: Data Structures and Algorithms,Graph Algorithms,Depth-First Search,graph_algorithms__depth-first_search.md,Pending,
Unit 7: Data Structures and Algorithms,Graph Algorithms,Shortest Path Algorithms,graph_algorithms__shortest_path_algorithms.md,Pending,
Unit 7: Data Structures and Algorithms,Graph Algorithms,Maximum Flow,graph_algorithms__maximum_flow.md,Pending,
Unit 7: Data Structures and Algorithms,Graph Algorithms,Minimum Spanning Trees,graph_algorithms__minimum_spanning_trees.md,Pending,
Unit 7: Data Structures and Algorithms,Complexity Theory,P Class Problems,complexity_theory__p_class_problems.md,Pending,
Unit 7: Data Structures and Algorithms,Complexity Theory,NP Class Problems,complexity_theory__np_class_problems.md,Pending,
Unit 7: Data Structures and Algorithms,Complexity Theory,NP-Completeness,complexity_theory__np-completeness.md,Pending,
Unit 7: Data Structures and Algorithms,Complexity Theory,Reducibility,complexity_theory__reducibility.md,Pending,
Unit 7: Data Structures and Algorithms,Selected Topics,Number Theoretic Algorithms,selected_topics__number_theoretic_algorithms.md,Pending,
Unit 7: Data Structures and Algorithms,Selected Topics,Polynomial Arithmetic,selected_topics__polynomial_arithmetic.md,Pending,
Unit 7: Data Structures and Algorithms,Selected Topics,Fast Fourier Transform,selected_topics__fast_fourier_transform.md,Pending,
Unit 7: Data Structures and Algorithms,Selected Topics,String Matching Algorithms,selected_topics__string_matching_algorithms.md,Pending,
Unit 7: Data Structures and Algorithms,Advanced Algorithms,Parallel Sorting Algorithms,advanced_algorithms__parallel_sorting_algorithms.md,Pending,
Unit 7: Data Structures and Algorithms,Advanced Algorithms,Parallel Searching Algorithms,advanced_algorithms__parallel_searching_algorithms.md,Pending,
Unit 7: Data Structures and Algorithms,Advanced Algorithms,Parallel Merging Algorithms,advanced_algorithms__parallel_merging_algorithms.md,Pending,
Unit 7: Data Structures and Algorithms,Advanced Algorithms,Approximation Algorithms,advanced_algorithms__approximation_algorithms.md,Pending,
Unit 7: Data Structures and Algorithms,Advanced Algorithms,Randomized Algorithms,advanced_algorithms__randomized_algorithms.md,Pending,
Unit 8: Theory of Computation and Compilers,Theory of Computation,Formal Language,theory_of_computation__formal_language.md,Pending,
Unit 8: Theory of Computation and Compilers,Theory of Computation,Non-Computational Problems,theory_of_computation__non-computational_problems.md,Pending,
Unit 8: Theory of Computation and Compilers,Theory of Computation,Diagonal Argument,theory_of_computation__diagonal_argument.md,Pending,
Unit 8: Theory of Computation and Compilers,Theory of Computation,Russell’s Paradox,theory_of_computation__russell’s_paradox.md,Pending,
Unit 8: Theory of Computation and Compilers,Regular Language Models,Deterministic Finite Automaton (DFA),regular_language_models__deterministic_finite_automaton_(dfa).md,Pending,
Unit 8: Theory of Computation and Compilers,Regular Language Models,Non-Deterministic Finite Automaton (NDFA),regular_language_models__non-deterministic_finite_automaton_(ndfa).md,Pending,
Unit 8: Theory of Computation and Compilers,Regular Language Models,Equivalence of DFA and NDFA,regular_language_models__equivalence_of_dfa_and_ndfa.md,Pending,
Unit 8: Theory of Computation and Compilers,Regular Language Models,Regular Languages,regular_language_models__regular_languages.md,Pending,
Unit 8: Theory of Computation and Compilers,Regular Language Models,Regular Grammars,regular_language_models__regular_grammars.md,Pending,
Unit 8: Theory of Computation and Compilers,Regular Language Models,Regular Expressions,regular_language_models__regular_expressions.md,Pending,
Unit 8: Theory of Computation and Compilers,Regular Language Models,Properties of Regular Language,regular_language_models__properties_of_regular_language.md,Pending,
Unit 8: Theory of Computation and Compilers,Regular Language Models,Pumping Lemma,regular_language_models__pumping_lemma.md,Pending,
Unit 8: Theory of Computation and Compilers,Regular Language Models,Non-Regular Languages,regular_language_models__non-regular_languages.md,Pending,
Unit 8: Theory of Computation and Compilers,Regular Language Models,Lexical Analysis,regular_language_models__lexical_analysis.md,Pending,
Unit 8: Theory of Computation and Compilers,Context Free Language,Pushdown Automaton (PDA),context_free_language__pushdown_automaton_(pda).md,Pending,
Unit 8: Theory of Computation and Compilers,Context Free Language,Non-Deterministic PDA (NPDA),context_free_language__non-deterministic_pda_(npda).md,Pending,
Unit 8: Theory of Computation and Compilers,Context Free Language,Context Free Grammar,context_free_language__context_free_grammar.md,Pending,
Unit 8: Theory of Computation and Compilers,Context Free Language,Chomsky Normal Form,context_free_language__chomsky_normal_form.md,Pending,
Unit 8: Theory of Computation and Compilers,Context Free Language,Greibach Normal Form,context_free_language__greibach_normal_form.md,Pending,
Unit 8: Theory of Computation and Compilers,Context Free Language,Grammar Ambiguity,context_free_language__grammar_ambiguity.md,Pending,
Unit 8: Theory of Computation and Compilers,Context Free Language,Parse Tree and Derivation Tree,context_free_language__parse_tree_and_derivation_tree.md,Pending,
Unit 8: Theory of Computation and Compilers,Context Free Language,Equivalence of PDA and CFG,context_free_language__equivalence_of_pda_and_cfg.md,Pending,
Unit 8: Theory of Computation and Compilers,Context Free Language,Properties of Context Free Languages,context_free_language__properties_of_context_free_languages.md,Pending,
Unit 8: Theory of Computation and Compilers,Turing Machines,Standard Turing Machine,turing_machines__standard_turing_machine.md,Pending,
Unit 8: Theory of Computation and Compilers,Turing Machines,Variants of Turing Machines,turing_machines__variants_of_turing_machines.md,Pending,
Unit 8: Theory of Computation and Compilers,Turing Machines,Universal Turing Machine,turing_machines__universal_turing_machine.md,Pending,
Unit 8: Theory of Computation and Compilers,Turing Machines,Models of Computation,turing_machines__models_of_computation.md,Pending,
Unit 8: Theory of Computation and Compilers,Turing Machines,Church-Turing Thesis,turing_machines__church-turing_thesis.md,Pending,
Unit 8: Theory of Computation and Compilers,Turing Machines,Recursive Languages,turing_machines__recursive_languages.md,Pending,
Unit 8: Theory of Computation and Compilers,Turing Machines,Recursively Enumerable Languages,turing_machines__recursively_enumerable_languages.md,Pending,
Unit 8: Theory of Computation and Compilers,Turing Machines,Context-Sensitive Languages,turing_machines__context-sensitive_languages.md,Pending,
Unit 8: Theory of Computation and Compilers,Turing Machines,Unrestricted Grammars,turing_machines__unrestricted_grammars.md,Pending,
Unit 8: Theory of Computation and Compilers,Turing Machines,Chomsky Hierarchy,turing_machines__chomsky_hierarchy.md,Pending,
Unit 8: Theory of Computation and Compilers,Turing Machines,TM Construction for Problems,turing_machines__tm_construction_for_problems.md,Pending,
Unit 8: Theory of Computation and Compilers,Unsolvable Problems,Unsolvable Problems,unsolvable_problems__unsolvable_problems.md,Pending,
Unit 8: Theory of Computation and Compilers,Unsolvable Problems,Halting Problem,unsolvable_problems__halting_problem.md,Pending,
Unit 8: Theory of Computation and Compilers,Unsolvable Problems,Post Correspondence Problem,unsolvable_problems__post_correspondence_problem.md,Pending,
Unit 8: Theory of Computation and Compilers,Unsolvable Problems,Unsolvable Problems for CFLs,unsolvable_problems__unsolvable_problems_for_cfls.md,Pending,
Unit 8: Theory of Computation and Compilers,Unsolvable Problems,Complexity Classification,unsolvable_problems__complexity_classification.md,Pending,
Unit 8: Theory of Computation and Compilers,Unsolvable Problems,Tractable vs Intractable Problems,unsolvable_problems__tractable_vs_intractable_problems.md,Pending,
Unit 8: Theory of Computation and Compilers,Syntax Analysis,Associativity,syntax_analysis__associativity.md,Pending,
Unit 8: Theory of Computation and Compilers,Syntax Analysis,Precedence,syntax_analysis__precedence.md,Pending,
Unit 8: Theory of Computation and Compilers,Syntax Analysis,Grammar Transformations,syntax_analysis__grammar_transformations.md,Pending,
Unit 8: Theory of Computation and Compilers,Syntax Analysis,Top-Down Parsing,syntax_analysis__top-down_parsing.md,Pending,
Unit 8: Theory of Computation and Compilers,Syntax Analysis,Recursive Descent Parsing,syntax_analysis__recursive_descent_parsing.md,Pending,
Unit 8: Theory of Computation and Compilers,Syntax Analysis,Predictive Parsing,syntax_analysis__predictive_parsing.md,Pending,
Unit 8: Theory of Computation and Compilers,Syntax Analysis,LL(1) Parsing,syntax_analysis__ll(1)_parsing.md,Pending,
Unit 8: Theory of Computation and Compilers,Syntax Analysis,Bottom-Up Parsing,syntax_analysis__bottom-up_parsing.md,Pending,
Unit 8: Theory of Computation and Compilers,Syntax Analysis,LR Parser,syntax_analysis__lr_parser.md,Pending,
Unit 8: Theory of Computation and Compilers,Syntax Analysis,LALR(1) Parser,syntax_analysis__lalr(1)_parser.md,Pending,
Unit 8: Theory of Computation and Compilers,Semantic Analysis,Attribute Grammar,semantic_analysis__attribute_grammar.md,Pending,
Unit 8: Theory of Computation and Compilers,Semantic Analysis,Syntax Directed Definitions,semantic_analysis__syntax_directed_definitions.md,Pending,
Unit 8: Theory of Computation and Compilers,Semantic Analysis,Inherited and Synthesized Attributes,semantic_analysis__inherited_and_synthesized_attributes.md,Pending,
Unit 8: Theory of Computation and Compilers,Semantic Analysis,Dependency Graph,semantic_analysis__dependency_graph.md,Pending,
Unit 8: Theory of Computation and Compilers,Semantic Analysis,Evaluation Order,semantic_analysis__evaluation_order.md,Pending,
Unit 8: Theory of Computation and Compilers,Semantic Analysis,S-attributed and L-attributed Definitions,semantic_analysis__s-attributed_and_l-attributed_definitions.md,Pending,
Unit 8: Theory of Computation and Compilers,Semantic Analysis,Type Checking,semantic_analysis__type_checking.md,Pending,
Unit 8: Theory of Computation and Compilers,Run Time System,Storage Organization,run_time_system__storage_organization.md,Pending,
Unit 8: Theory of Computation and Compilers,Run Time System,Activation Tree,run_time_system__activation_tree.md,Pending,
Unit 8: Theory of Computation and Compilers,Run Time System,Activation Record,run_time_system__activation_record.md,Pending,
Unit 8: Theory of Computation and Compilers,Run Time System,Stack Allocation,run_time_system__stack_allocation.md,Pending,
Unit 8: Theory of Computation and Compilers,Run Time System,Parameter Passing Mechanisms,run_time_system__parameter_passing_mechanisms.md,Pending,
Unit 8: Theory of Computation and Compilers,Run Time System,Symbol Table,run_time_system__symbol_table.md,Pending,
Unit 8: Theory of Computation and Compilers,Intermediate Code,Intermediate Representations,intermediate_code__intermediate_representations.md,Pending,
Unit 8: Theory of Computation and Compilers,Intermediate Code,Translation of Declarations,intermediate_code__translation_of_declarations.md,Pending,
Unit 8: Theory of Computation and Compilers,Intermediate Code,Translation of Assignments,intermediate_code__translation_of_assignments.md,Pending,
Unit 8: Theory of Computation and Compilers,Intermediate Code,Translation of Control Flow,intermediate_code__translation_of_control_flow.md,Pending,
Unit 8: Theory of Computation and Compilers,Intermediate Code,Translation of Boolean Expressions,intermediate_code__translation_of_boolean_expressions.md,Pending,
Unit 8: Theory of Computation and Compilers,Intermediate Code,Translation of Procedure Calls,intermediate_code__translation_of_procedure_calls.md,Pending,
Unit 8: Theory of Computation and Compilers,Code Generation,Control-flow Analysis,code_generation__control-flow_analysis.md,Pending,
Unit 8: Theory of Computation and Compilers,Code Generation,Data-flow Analysis,code_generation__data-flow_analysis.md,Pending,
Unit 8: Theory of Computation and Compilers,Code Generation,Local Optimization,code_generation__local_optimization.md,Pending,
Unit 8: Theory of Computation and Compilers,Code Generation,Global Optimization,code_generation__global_optimization.md,Pending,
Unit 8: Theory of Computation and Compilers,Code Generation,Loop Optimization,code_generation__loop_optimization.md,Pending,
Unit 8: Theory of Computation and Compilers,Code Generation,Peephole Optimization,code_generation__peephole_optimization.md,Pending,
Unit 8: Theory of Computation and Compilers,Code Generation,Instruction Scheduling,code_generation__instruction_scheduling.md,Pending,
Unit 9: Data Communication and Computer Networks,Data Communication,Components of Data Communication System,data_communication__components_of_data_communication_system.md,Pending,
Unit 9: Data Communication and Computer Networks,Data Communication,Communication Modes,data_communication__communication_modes.md,Pending,
Unit 9: Data Communication and Computer Networks,Data Communication,Analog and Digital Signals,data_communication__analog_and_digital_signals.md,Pending,
Unit 9: Data Communication and Computer Networks,Data Communication,Noiseless and Noisy Channels,data_communication__noiseless_and_noisy_channels.md,Pending,
Unit 9: Data Communication and Computer Networks,Data Communication,"Bandwidth, Throughput and Latency","data_communication__bandwidth,_throughput_and_latency.md",Pending,
Unit 9: Data Communication and Computer Networks,Data Communication,Digital and Analog Transmission,data_communication__digital_and_analog_transmission.md,Pending,
Unit 9: Data Communication and Computer Networks,Data Communication,Data Encoding Techniques,data_communication__data_encoding_techniques.md,Pending,
Unit 9: Data Communication and Computer Networks,Data Communication,Modulation Techniques,data_communication__modulation_techniques.md,Pending,
Unit 9: Data Communication and Computer Networks,Data Communication,Broadband vs Baseband,data_communication__broadband_vs_baseband.md,Pending,
Unit 9: Data Communication and Computer Networks,Data Communication,Multiplexing Techniques,data_communication__multiplexing_techniques.md,Pending,
Unit 9: Data Communication and Computer Networks,Data Communication,Transmission Media,data_communication__transmission_media.md,Pending,
Unit 9: Data Communication and Computer Networks,Data Communication,Transmission Errors,data_communication__transmission_errors.md,Pending,
Unit 9: Data Communication and Computer Networks,Data Communication,Error Detection and Correction,data_communication__error_detection_and_correction.md,Pending,
Unit 9: Data Communication and Computer Networks,Computer Networks,Network Topologies,computer_networks__network_topologies.md,Pending,
Unit 9: Data Communication and Computer Networks,Computer Networks,Local Area Networks (LAN),computer_networks__local_area_networks_(lan).md,Pending,
Unit 9: Data Communication and Computer Networks,Computer Networks,Metropolitan Area Networks (MAN),computer_networks__metropolitan_area_networks_(man).md,Pending,
Unit 9: Data Communication and Computer Networks,Computer Networks,Wide Area Networks (WAN),computer_networks__wide_area_networks_(wan).md,Pending,
Unit 9: Data Communication and Computer Networks,Computer Networks,Wireless Networks,computer_networks__wireless_networks.md,Pending,
Unit 9: Data Communication and Computer Networks,Computer Networks,Internet Basics,computer_networks__internet_basics.md,Pending,
Unit 9: Data Communication and Computer Networks,Network Models,Layered Architecture,network_models__layered_architecture.md,Pending,
Unit 9: Data Communication and Computer Networks,Network Models,OSI Model,network_models__osi_model.md,Pending,
Unit 9: Data Communication and Computer Networks,Network Models,TCP/IP Protocol Suite,network_models__tcp/ip_protocol_suite.md,Pending,
Unit 9: Data Communication and Computer Networks,Network Models,Addressing Schemes,network_models__addressing_schemes.md,Pending,
Unit 9: Data Communication and Computer Networks,Network Models,Switching Techniques,network_models__switching_techniques.md,Pending,
Unit 9: Data Communication and Computer Networks,OSI/TCP Functions,Framing,osi/tcp_functions__framing.md,Pending,
Unit 9: Data Communication and Computer Networks,OSI/TCP Functions,Error Detection,osi/tcp_functions__error_detection.md,Pending,
Unit 9: Data Communication and Computer Networks,OSI/TCP Functions,Flow Control,osi/tcp_functions__flow_control.md,Pending,
Unit 9: Data Communication and Computer Networks,OSI/TCP Functions,Sliding Window Protocol,osi/tcp_functions__sliding_window_protocol.md,Pending,
Unit 9: Data Communication and Computer Networks,OSI/TCP Functions,HDLC,osi/tcp_functions__hdlc.md,Pending,
Unit 9: Data Communication and Computer Networks,OSI/TCP Functions,Multiple Access Techniques,osi/tcp_functions__multiple_access_techniques.md,Pending,
Unit 9: Data Communication and Computer Networks,OSI/TCP Functions,FDMA,osi/tcp_functions__fdma.md,Pending,
Unit 9: Data Communication and Computer Networks,OSI/TCP Functions,TDMA,osi/tcp_functions__tdma.md,Pending,
Unit 9: Data Communication and Computer Networks,OSI/TCP Functions,CDMA,osi/tcp_functions__cdma.md,Pending,
Unit 9: Data Communication and Computer Networks,OSI/TCP Functions,CSMA/CD,osi/tcp_functions__csma/cd.md,Pending,
Unit 9: Data Communication and Computer Networks,OSI/TCP Functions,CSMA/CA,osi/tcp_functions__csma/ca.md,Pending,
Unit 9: Data Communication and Computer Networks,OSI/TCP Functions,Reservation,osi/tcp_functions__reservation.md,Pending,
Unit 9: Data Communication and Computer Networks,OSI/TCP Functions,Polling,osi/tcp_functions__polling.md,Pending,
Unit 9: Data Communication and Computer Networks,OSI/TCP Functions,Token Passing,osi/tcp_functions__token_passing.md,Pending,
Unit 9: Data Communication and Computer Networks,OSI/TCP Functions,Network Devices,osi/tcp_functions__network_devices.md,Pending,
Unit 9: Data Communication and Computer Networks,OSI/TCP Functions,Backbone Networks,osi/tcp_functions__backbone_networks.md,Pending,
Unit 9: Data Communication and Computer Networks,OSI/TCP Functions,Virtual LANs,osi/tcp_functions__virtual_lans.md,Pending,
Unit 9: Data Communication and Computer Networks,IPv4/IPv6,IPv4 Address Structure,ipv4/ipv6__ipv4_address_structure.md,Pending,
Unit 9: Data Communication and Computer Networks,IPv4/IPv6,Classful and Classless Addressing,ipv4/ipv6__classful_and_classless_addressing.md,Pending,
Unit 9: Data Communication and Computer Networks,IPv4/IPv6,Datagram Structure,ipv4/ipv6__datagram_structure.md,Pending,
Unit 9: Data Communication and Computer Networks,IPv4/IPv6,Fragmentation and Checksum,ipv4/ipv6__fragmentation_and_checksum.md,Pending,
Unit 9: Data Communication and Computer Networks,IPv4/IPv6,IPv6 Packet Format,ipv4/ipv6__ipv6_packet_format.md,Pending,
Unit 9: Data Communication and Computer Networks,IPv4/IPv6,ARP Protocol,ipv4/ipv6__arp_protocol.md,Pending,
Unit 9: Data Communication and Computer Networks,IPv4/IPv6,Network Layer Delivery,ipv4/ipv6__network_layer_delivery.md,Pending,
Unit 9: Data Communication and Computer Networks,IPv4/IPv6,Routing Algorithms,ipv4/ipv6__routing_algorithms.md,Pending,
Unit 9: Data Communication and Computer Networks,WWW,URL,www__url.md,Pending,
Unit 9: Data Communication and Computer Networks,WWW,DNS,www__dns.md,Pending,
Unit 9: Data Communication and Computer Networks,WWW,Name Resolution,www__name_resolution.md,Pending,
Unit 9: Data Communication and Computer Networks,WWW,Email Architecture,www__email_architecture.md,Pending,
Unit 9: Data Communication and Computer Networks,WWW,SMTP,www__smtp.md,Pending,
Unit 9: Data Communication and Computer Networks,WWW,POP,www__pop.md,Pending,
Unit 9: Data Communication and Computer Networks,WWW,IMAP,www__imap.md,Pending,
Unit 9: Data Communication and Computer Networks,WWW,TELNET,www__telnet.md,Pending,
Unit 9: Data Communication and Computer Networks,WWW,FTP,www__ftp.md,Pending,
Unit 9: Data Communication and Computer Networks,Network Security,Malwares,network_security__malwares.md,Pending,
Unit 9: Data Communication and Computer Networks,Network Security,Cryptography,network_security__cryptography.md,Pending,
Unit 9: Data Communication and Computer Networks,Network Security,Steganography,network_security__steganography.md,Pending,
Unit 9: Data Communication and Computer Networks,Network Security,Secret-Key Algorithms,network_security__secret-key_algorithms.md,Pending,
Unit 9: Data Communication and Computer Networks,Network Security,Public-Key Algorithms,network_security__public-key_algorithms.md,Pending,
Unit 9: Data Communication and Computer Networks,Network Security,Digital Signature,network_security__digital_signature.md,Pending,
Unit 9: Data Communication and Computer Networks,Network Security,VPNs,network_security__vpns.md,Pending,
Unit 9: Data Communication and Computer Networks,Network Security,Firewalls,network_security__firewalls.md,Pending,
Unit 9: Data Communication and Computer Networks,Mobile Technology,GSM Architecture,mobile_technology__gsm_architecture.md,Pending,
Unit 9: Data Communication and Computer Networks,Mobile Technology,CDMA,mobile_technology__cdma.md,Pending,
Unit 9: Data Communication and Computer Networks,Mobile Technology,Mobile Services,mobile_technology__mobile_services.md,Pending,
Unit 9: Data Communication and Computer Networks,Mobile Technology,Middleware and Gateway,mobile_technology__middleware_and_gateway.md,Pending,
Unit 9: Data Communication and Computer Networks,Mobile Technology,Mobile IP,mobile_technology__mobile_ip.md,Pending,
Unit 9: Data Communication and Computer Networks,Mobile Technology,Mobile Protocols,mobile_technology__mobile_protocols.md,Pending,
Unit 9: Data Communication and Computer Networks,Mobile Technology,Communication Satellites,mobile_technology__communication_satellites.md,Pending,
Unit 9: Data Communication and Computer Networks,Mobile Technology,Wireless Networks,mobile_technology__wireless_networks.md,Pending,
Unit 9: Data Communication and Computer Networks,Mobile Technology,Cellular Topology,mobile_technology__cellular_topology.md,Pending,
Unit 9: Data Communication and Computer Networks,Mobile Technology,Mobile Adhoc Networks (MANETs),mobile_technology__mobile_adhoc_networks_(manets).md,Pending,
Unit 9: Data Communication and Computer Networks,Mobile Technology,Wireless Transmission,mobile_technology__wireless_transmission.md,Pending,
Unit 9: Data Communication and Computer Networks,Mobile Technology,Wireless LANs,mobile_technology__wireless_lans.md,Pending,
Unit 9: Data Communication and Computer Networks,Mobile Technology,Geolocation Systems,mobile_technology__geolocation_systems.md,Pending,
Unit 9: Data Communication and Computer Networks,Mobile Technology,GPRS,mobile_technology__gprs.md,Pending,
Unit 9: Data Communication and Computer Networks,Mobile Technology,SMS,mobile_technology__sms.md,Pending,
Unit 9: Data Communication and Computer Networks,Cloud & IoT,"Cloud Models - SaaS, PaaS, IaaS","cloud_&_iot__cloud_models_-_saas,_paas,_iaas.md",Pending,
Unit 9: Data Communication and Computer Networks,Cloud & IoT,Public vs Private Cloud,cloud_&_iot__public_vs_private_cloud.md,Pending,
Unit 9: Data Communication and Computer Networks,Cloud & IoT,Virtualization,cloud_&_iot__virtualization.md,Pending,
Unit 9: Data Communication and Computer Networks,Cloud & IoT,Virtual Server,cloud_&_iot__virtual_server.md,Pending,
Unit 9: Data Communication and Computer Networks,Cloud & IoT,Cloud Storage,cloud_&_iot__cloud_storage.md,Pending,
Unit 9: Data Communication and Computer Networks,Cloud & IoT,Database Storage,cloud_&_iot__database_storage.md,Pending,
Unit 9: Data Communication and Computer Networks,Cloud & IoT,Resource Management,cloud_&_iot__resource_management.md,Pending,
Unit 9: Data Communication and Computer Networks,Cloud & IoT,Service Level Agreements,cloud_&_iot__service_level_agreements.md,Pending,
Unit 9: Data Communication and Computer Networks,Cloud & IoT,Basics of IoT,cloud_&_iot__basics_of_iot.md,Pending,
Unit 10: Artificial Intelligence,Approaches to AI,Turing Test,approaches_to_ai__turing_test.md,Pending,
Unit 10: Artificial Intelligence,Approaches to AI,Rational Agent Approach,approaches_to_ai__rational_agent_approach.md,Pending,
Unit 10: Artificial Intelligence,Approaches to AI,State Space Representation,approaches_to_ai__state_space_representation.md,Pending,
Unit 10: Artificial Intelligence,Approaches to AI,Heuristic Search Techniques,approaches_to_ai__heuristic_search_techniques.md,Pending,
Unit 10: Artificial Intelligence,Approaches to AI,Game Playing,approaches_to_ai__game_playing.md,Pending,
Unit 10: Artificial Intelligence,Approaches to AI,Min-Max Search,approaches_to_ai__min-max_search.md,Pending,
Unit 10: Artificial Intelligence,Approaches to AI,Alpha-Beta Pruning,approaches_to_ai__alpha-beta_pruning.md,Pending,
Unit 10: Artificial Intelligence,Knowledge Representation,Propositional and Predicate Logic,knowledge_representation__propositional_and_predicate_logic.md,Pending,
Unit 10: Artificial Intelligence,Knowledge Representation,Semantic Networks,knowledge_representation__semantic_networks.md,Pending,
Unit 10: Artificial Intelligence,Knowledge Representation,Frames,knowledge_representation__frames.md,Pending,
Unit 10: Artificial Intelligence,Knowledge Representation,Rules and Scripts,knowledge_representation__rules_and_scripts.md,Pending,
Unit 10: Artificial Intelligence,Knowledge Representation,Conceptual Dependency,knowledge_representation__conceptual_dependency.md,Pending,
Unit 10: Artificial Intelligence,Knowledge Representation,Ontologies,knowledge_representation__ontologies.md,Pending,
Unit 10: Artificial Intelligence,Knowledge Representation,Expert Systems,knowledge_representation__expert_systems.md,Pending,
Unit 10: Artificial Intelligence,Knowledge Representation,Handling Uncertainty,knowledge_representation__handling_uncertainty.md,Pending,
Unit 10: Artificial Intelligence,Planning,Planning System Components,planning__planning_system_components.md,Pending,
Unit 10: Artificial Intelligence,Planning,Linear Planning,planning__linear_planning.md,Pending,
Unit 10: Artificial Intelligence,Planning,Non-Linear Planning,planning__non-linear_planning.md,Pending,
Unit 10: Artificial Intelligence,Planning,Goal Stack Planning,planning__goal_stack_planning.md,Pending,
Unit 10: Artificial Intelligence,Planning,Hierarchical Planning,planning__hierarchical_planning.md,Pending,
Unit 10: Artificial Intelligence,Planning,STRIPS,planning__strips.md,Pending,
Unit 10: Artificial Intelligence,Planning,Partial Order Planning,planning__partial_order_planning.md,Pending,
Unit 10: Artificial Intelligence,Natural Language Processing,Grammar and Language,natural_language_processing__grammar_and_language.md,Pending,
Unit 10: Artificial Intelligence,Natural Language Processing,Parsing Techniques,natural_language_processing__parsing_techniques.md,Pending,
Unit 10: Artificial Intelligence,Natural Language Processing,Semantic Analysis,natural_language_processing__semantic_analysis.md,Pending,
Unit 10: Artificial Intelligence,Natural Language Processing,Pragmatics,natural_language_processing__pragmatics.md,Pending,
Unit 10: Artificial Intelligence,Multi Agent Systems,Agents vs Objects,multi_agent_systems__agents_vs_objects.md,Pending,
Unit 10: Artificial Intelligence,Multi Agent Systems,Agents and Expert Systems,multi_agent_systems__agents_and_expert_systems.md,Pending,
Unit 10: Artificial Intelligence,Multi Agent Systems,Structure of Multiagent Systems,multi_agent_systems__structure_of_multiagent_systems.md,Pending,
Unit 10: Artificial Intelligence,Multi Agent Systems,Semantic Web,multi_agent_systems__semantic_web.md,Pending,
Unit 10: Artificial Intelligence,Multi Agent Systems,Agent Communication,multi_agent_systems__agent_communication.md,Pending,
Unit 10: Artificial Intelligence,Multi Agent Systems,Knowledge Sharing via Ontologies,multi_agent_systems__knowledge_sharing_via_ontologies.md,Pending,
Unit 10: Artificial Intelligence,Multi Agent Systems,Agent Development Tools,multi_agent_systems__agent_development_tools.md,Pending,
Unit 10: Artificial Intelligence,Fuzzy Sets,Fuzziness and Membership Functions,fuzzy_sets__fuzziness_and_membership_functions.md,Pending,
Unit 10: Artificial Intelligence,Fuzzy Sets,Fuzzification and Defuzzification,fuzzy_sets__fuzzification_and_defuzzification.md,Pending,
Unit 10: Artificial Intelligence,Fuzzy Sets,Operations on Fuzzy Sets,fuzzy_sets__operations_on_fuzzy_sets.md,Pending,
Unit 10: Artificial Intelligence,Fuzzy Sets,Fuzzy Functions,fuzzy_sets__fuzzy_functions.md,Pending,
Unit 10: Artificial Intelligence,Fuzzy Sets,Linguistic Variables,fuzzy_sets__linguistic_variables.md,Pending,
Unit 10: Artificial Intelligence,Fuzzy Sets,Fuzzy Relations,fuzzy_sets__fuzzy_relations.md,Pending,
Unit 10: Artificial Intelligence,Fuzzy Sets,Fuzzy Rules and Inference,fuzzy_sets__fuzzy_rules_and_inference.md,Pending,
Unit 10: Artificial Intelligence,Fuzzy Sets,Fuzzy Control Systems,fuzzy_sets__fuzzy_control_systems.md,Pending,
Unit 10: Artificial Intelligence,Genetic Algorithms,Encoding Strategies,genetic_algorithms__encoding_strategies.md,Pending,
Unit 10: Artificial Intelligence,Genetic Algorithms,Genetic Operators,genetic_algorithms__genetic_operators.md,Pending,
Unit 10: Artificial Intelligence,Genetic Algorithms,Fitness Functions,genetic_algorithms__fitness_functions.md,Pending,
Unit 10: Artificial Intelligence,Genetic Algorithms,GA Cycle,genetic_algorithms__ga_cycle.md,Pending,
Unit 10: Artificial Intelligence,Genetic Algorithms,Problem Solving using GA,genetic_algorithms__problem_solving_using_ga.md,Pending,
Unit 10: Artificial Intelligence,Artificial Neural Networks,Supervised Learning,artificial_neural_networks__supervised_learning.md,Pending,
Unit 10: Artificial Intelligence,Artificial Neural Networks,Unsupervised Learning,artificial_neural_networks__unsupervised_learning.md,Pending,
Unit 10: Artificial Intelligence,Artificial Neural Networks,Reinforcement Learning,artificial_neural_networks__reinforcement_learning.md,Pending,
Unit 10: Artificial Intelligence,Artificial Neural Networks,Single Perceptron,artificial_neural_networks__single_perceptron.md,Pending,
Unit 10: Artificial Intelligence,Artificial Neural Networks,Multi-Layer Perceptron,artificial_neural_networks__multi-layer_perceptron.md,Pending,
Unit 10: Artificial Intelligence,Artificial Neural Networks,Self-Organizing Maps,artificial_neural_networks__self-organizing_maps.md,Pending,
Unit 10: Artificial Intelligence,Artificial Neural Networks,Hopfield Network,artificial_neural_networks__hopfield_network.md,Pending,
